{
	"0": {
		"pais": "Afeganist\u00e3o",
		"img": "https:\/\/\/\/upload.wikimedia.org\/wikipedia\/commons\/thumb\/9\/9a\/Flag_of_Afghanistan.svg\/23px-Flag_of_Afghanistan.svg.png",
		"ddi": 93,
		"continente": "\u00c1sia"
	},
	"1": {
		"pais": "\u00c1frica do Sul",
		"img": "https:\/\/\/\/upload.wikimedia.org\/wikipedia\/commons\/thumb\/a\/af\/Flag_of_South_Africa.svg\/23px-Flag_of_South_Africa.svg.png",
		"ddi": 27,
		"continente": "\u00c1frica"
	},
	"2": {
		"pais": "Alb\u00e2nia",
		"img": "https:\/\/\/\/upload.wikimedia.org\/wikipedia\/commons\/thumb\/3\/36\/Flag_of_Albania.svg\/21px-Flag_of_Albania.svg.png",
		"ddi": 355,
		"continente": "Europa"
	},
	"3": {
		"pais": "Alemanha",
		"img": "https:\/\/\/\/upload.wikimedia.org\/wikipedia\/commons\/thumb\/b\/ba\/Flag_of_Germany.svg\/23px-Flag_of_Germany.svg.png",
		"ddi": 49,
		"continente": "Europa"
	},
	"4": {
		"pais": "Andorra",
		"img": "https:\/\/\/\/upload.wikimedia.org\/wikipedia\/commons\/thumb\/1\/19\/Flag_of_Andorra.svg\/22px-Flag_of_Andorra.svg.png",
		"ddi": 376,
		"continente": "Europa"
	},
	"5": {
		"pais": "Angola",
		"img": "https:\/\/\/\/upload.wikimedia.org\/wikipedia\/commons\/thumb\/9\/9d\/Flag_of_Angola.svg\/23px-Flag_of_Angola.svg.png",
		"ddi": 244,
		"continente": "\u00c1frica"
	},
	"6": {
		"pais": "Anguilla",
		"img": "https:\/\/\/\/upload.wikimedia.org\/wikipedia\/commons\/thumb\/b\/b4\/Flag_of_Anguilla.svg\/23px-Flag_of_Anguilla.svg.png",
		"ddi": 1,
		"continente": "Am\u00e9rica Central"
	},
	"7": {
		"pais": "Ant\u00edgua e Barbuda",
		"img": "https:\/\/\/\/upload.wikimedia.org\/wikipedia\/commons\/thumb\/8\/89\/Flag_of_Antigua_and_Barbuda.svg\/23px-Flag_of_Antigua_and_Barbuda.svg.png",
		"ddi": 1,
		"continente": "Am\u00e9rica Central"
	},
	"8": {
		"pais": "Antilhas Holandesas",
		"img": "https:\/\/\/\/upload.wikimedia.org\/wikipedia\/commons\/thumb\/a\/ae\/Flag_of_the_Netherlands_Antilles_%281986%E2%80%932010%29.svg\/23px-Flag_of_the_Netherlands_Antilles_%281986%E2%80%932010%29.svg.png",
		"ddi": 599,
		"continente": "Am\u00e9rica Central"
	},
	"9": {
		"pais": "Ar\u00e1bia Saudita",
		"img": "https:\/\/\/\/upload.wikimedia.org\/wikipedia\/commons\/thumb\/0\/0d\/Flag_of_Saudi_Arabia.svg\/23px-Flag_of_Saudi_Arabia.svg.png",
		"ddi": 966,
		"continente": "\u00c1sia"
	},
	"10": {
		"pais": "Arg\u00e9lia",
		"img": "https:\/\/\/\/upload.wikimedia.org\/wikipedia\/commons\/thumb\/7\/77\/Flag_of_Algeria.svg\/23px-Flag_of_Algeria.svg.png",
		"ddi": 213,
		"continente": "\u00c1frica"
	},
	"11": {
		"pais": "Argentina",
		"img": "https:\/\/\/\/upload.wikimedia.org\/wikipedia\/commons\/thumb\/1\/1a\/Flag_of_Argentina.svg\/23px-Flag_of_Argentina.svg.png",
		"ddi": 54,
		"continente": "Am\u00e9rica do Sul"
	},
	"12": {
		"pais": "Arm\u00eania",
		"img": "https:\/\/\/\/upload.wikimedia.org\/wikipedia\/commons\/thumb\/2\/2f\/Flag_of_Armenia.svg\/23px-Flag_of_Armenia.svg.png",
		"ddi": 374,
		"continente": "\u00c1sia"
	},
	"13": {
		"pais": "Aruba",
		"img": "https:\/\/\/\/upload.wikimedia.org\/wikipedia\/commons\/thumb\/f\/f6\/Flag_of_Aruba.svg\/23px-Flag_of_Aruba.svg.png",
		"ddi": 297,
		"continente": "Am\u00e9rica Central"
	},
	"14": {
		"pais": "Ascens\u00e3o",
		"img": "Ascens\u00e3o",
		"ddi": 247,
		"continente": "\u00c1frica"
	},
	"15": {
		"pais": "Austr\u00e1lia",
		"img": "https:\/\/\/\/upload.wikimedia.org\/wikipedia\/commons\/thumb\/b\/b9\/Flag_of_Australia.svg\/23px-Flag_of_Australia.svg.png",
		"ddi": 61,
		"continente": "Oceania"
	},
	"16": {
		"pais": "\u00c1ustria",
		"img": "https:\/\/\/\/upload.wikimedia.org\/wikipedia\/commons\/thumb\/4\/41\/Flag_of_Austria.svg\/23px-Flag_of_Austria.svg.png",
		"ddi": 43,
		"continente": "Europa"
	},
	"17": {
		"pais": "Azerbaij\u00e3o",
		"img": "https:\/\/\/\/upload.wikimedia.org\/wikipedia\/commons\/thumb\/d\/dd\/Flag_of_Azerbaijan.svg\/23px-Flag_of_Azerbaijan.svg.png",
		"ddi": 994,
		"continente": "\u00c1sia"
	},
	"18": {
		"pais": "Bahamas",
		"img": "https:\/\/\/\/upload.wikimedia.org\/wikipedia\/commons\/thumb\/7\/77\/Bahamas_Flag.svg\/23px-Bahamas_Flag.svg.png",
		"ddi": 1,
		"continente": "Am\u00e9rica Central"
	},
	"19": {
		"pais": "Bangladesh",
		"img": "https:\/\/\/\/upload.wikimedia.org\/wikipedia\/commons\/thumb\/f\/f9\/Flag_of_Bangladesh.svg\/23px-Flag_of_Bangladesh.svg.png",
		"ddi": 880,
		"continente": "\u00c1sia"
	},
	"20": {
		"pais": "Barbados",
		"img": "https:\/\/\/\/upload.wikimedia.org\/wikipedia\/commons\/thumb\/e\/ef\/Flag_of_Barbados.svg\/23px-Flag_of_Barbados.svg.png",
		"ddi": 1,
		"continente": "Am\u00e9rica Central"
	},
	"21": {
		"pais": "Bahrein",
		"img": "https:\/\/\/\/upload.wikimedia.org\/wikipedia\/commons\/thumb\/2\/2c\/Flag_of_Bahrain.svg\/23px-Flag_of_Bahrain.svg.png",
		"ddi": 973,
		"continente": "\u00c1sia"
	},
	"22": {
		"pais": "B\u00e9lgica",
		"img": "https:\/\/\/\/upload.wikimedia.org\/wikipedia\/commons\/thumb\/9\/92\/Flag_of_Belgium_%28civil%29.svg\/23px-Flag_of_Belgium_%28civil%29.svg.png",
		"ddi": 32,
		"continente": "Europa"
	},
	"23": {
		"pais": "Belize",
		"img": "https:\/\/\/\/upload.wikimedia.org\/wikipedia\/commons\/thumb\/e\/e7\/Flag_of_Belize.svg\/23px-Flag_of_Belize.svg.png",
		"ddi": 501,
		"continente": "Am\u00e9rica Central"
	},
	"24": {
		"pais": "Benim",
		"img": "https:\/\/\/\/upload.wikimedia.org\/wikipedia\/commons\/thumb\/0\/0a\/Flag_of_Benin.svg\/23px-Flag_of_Benin.svg.png",
		"ddi": 229,
		"continente": "\u00c1frica"
	},
	"25": {
		"pais": "Bermudas",
		"img": "https:\/\/\/\/upload.wikimedia.org\/wikipedia\/commons\/thumb\/b\/bf\/Flag_of_Bermuda.svg\/23px-Flag_of_Bermuda.svg.png",
		"ddi": 1,
		"continente": "Am\u00e9rica Central"
	},
	"26": {
		"pais": "Bielorr\u00fassia",
		"img": "https:\/\/\/\/upload.wikimedia.org\/wikipedia\/commons\/thumb\/8\/85\/Flag_of_Belarus.svg\/23px-Flag_of_Belarus.svg.png",
		"ddi": 375,
		"continente": "Europa"
	},
	"27": {
		"pais": "Bol\u00edvia",
		"img": "https:\/\/\/\/upload.wikimedia.org\/wikipedia\/commons\/thumb\/4\/48\/Flag_of_Bolivia.svg\/22px-Flag_of_Bolivia.svg.png",
		"ddi": 591,
		"continente": "Am\u00e9rica do Sul"
	},
	"28": {
		"pais": "B\u00f3snia e Herzegovina",
		"img": "https:\/\/\/\/upload.wikimedia.org\/wikipedia\/commons\/thumb\/b\/bf\/Flag_of_Bosnia_and_Herzegovina.svg\/23px-Flag_of_Bosnia_and_Herzegovina.svg.png",
		"ddi": 387,
		"continente": "Europa"
	},
	"29": {
		"pais": "Botswana",
		"img": "https:\/\/\/\/upload.wikimedia.org\/wikipedia\/commons\/thumb\/f\/fa\/Flag_of_Botswana.svg\/23px-Flag_of_Botswana.svg.png",
		"ddi": 267,
		"continente": "\u00c1frica"
	},
	"30": {
		"pais": "Brasil",
		"img": "https:\/\/\/\/upload.wikimedia.org\/wikipedia\/commons\/thumb\/0\/05\/Flag_of_Brazil.svg\/22px-Flag_of_Brazil.svg.png",
		"ddi": 55,
		"continente": "Am\u00e9rica do Sul"
	},
	"31": {
		"pais": "Brunei",
		"img": "https:\/\/\/\/upload.wikimedia.org\/wikipedia\/commons\/thumb\/9\/9c\/Flag_of_Brunei.svg\/23px-Flag_of_Brunei.svg.png",
		"ddi": 673,
		"continente": "\u00c1sia"
	},
	"32": {
		"pais": "Bulg\u00e1ria",
		"img": "https:\/\/\/\/upload.wikimedia.org\/wikipedia\/commons\/thumb\/9\/9a\/Flag_of_Bulgaria.svg\/23px-Flag_of_Bulgaria.svg.png",
		"ddi": 359,
		"continente": "Europa"
	},
	"33": {
		"pais": "Burkina Faso",
		"img": "https:\/\/\/\/upload.wikimedia.org\/wikipedia\/commons\/thumb\/3\/31\/Flag_of_Burkina_Faso.svg\/23px-Flag_of_Burkina_Faso.svg.png",
		"ddi": 226,
		"continente": "\u00c1frica"
	},
	"34": {
		"pais": "Burundi",
		"img": "https:\/\/\/\/upload.wikimedia.org\/wikipedia\/commons\/thumb\/5\/50\/Flag_of_Burundi.svg\/23px-Flag_of_Burundi.svg.png",
		"ddi": 257,
		"continente": "\u00c1frica"
	},
	"35": {
		"pais": "But\u00e3o",
		"img": "https:\/\/\/\/upload.wikimedia.org\/wikipedia\/commons\/thumb\/9\/91\/Flag_of_Bhutan.svg\/23px-Flag_of_Bhutan.svg.png",
		"ddi": 975,
		"continente": "\u00c1sia"
	},
	"36": {
		"pais": "Cabo Verde",
		"img": "https:\/\/\/\/upload.wikimedia.org\/wikipedia\/commons\/thumb\/3\/38\/Flag_of_Cape_Verde.svg\/23px-Flag_of_Cape_Verde.svg.png",
		"ddi": 238,
		"continente": "\u00c1frica"
	},
	"37": {
		"pais": "Camar\u00f5es",
		"img": "https:\/\/\/\/upload.wikimedia.org\/wikipedia\/commons\/thumb\/4\/4f\/Flag_of_Cameroon.svg\/23px-Flag_of_Cameroon.svg.png",
		"ddi": 237,
		"continente": "\u00c1frica"
	},
	"38": {
		"pais": "Camboja",
		"img": "https:\/\/\/\/upload.wikimedia.org\/wikipedia\/commons\/thumb\/8\/83\/Flag_of_Cambodia.svg\/23px-Flag_of_Cambodia.svg.png",
		"ddi": 855,
		"continente": "\u00c1sia"
	},
	"39": {
		"pais": "Canad\u00e1",
		"img": "https:\/\/\/\/upload.wikimedia.org\/wikipedia\/commons\/thumb\/d\/d9\/Flag_of_Canada_%28Pantone%29.svg\/23px-Flag_of_Canada_%28Pantone%29.svg.png",
		"ddi": 1,
		"continente": "Am\u00e9rica do Norte"
	},
	"40": {
		"pais": "Cazaquist\u00e3o",
		"img": "https:\/\/\/\/upload.wikimedia.org\/wikipedia\/commons\/thumb\/d\/d3\/Flag_of_Kazakhstan.svg\/23px-Flag_of_Kazakhstan.svg.png",
		"ddi": 7,
		"continente": "\u00c1sia"
	},
	"41": {
		"pais": "Chade",
		"img": "https:\/\/\/\/upload.wikimedia.org\/wikipedia\/commons\/thumb\/4\/4b\/Flag_of_Chad.svg\/23px-Flag_of_Chad.svg.png",
		"ddi": 235,
		"continente": "\u00c1frica"
	},
	"42": {
		"pais": "Chile",
		"img": "https:\/\/\/\/upload.wikimedia.org\/wikipedia\/commons\/thumb\/7\/78\/Flag_of_Chile.svg\/23px-Flag_of_Chile.svg.png",
		"ddi": 56,
		"continente": "Am\u00e9rica do Sul"
	},
	"43": {
		"pais": "Rep\u00fablica Popular da China",
		"img": "https:\/\/\/\/upload.wikimedia.org\/wikipedia\/commons\/thumb\/f\/fa\/Flag_of_the_People%27s_Republic_of_China.svg\/23px-Flag_of_the_People%27s_Republic_of_China.svg.png",
		"ddi": 86,
		"continente": "\u00c1sia"
	},
	"44": {
		"pais": "Chipre",
		"img": "https:\/\/\/\/upload.wikimedia.org\/wikipedia\/commons\/thumb\/d\/d4\/Flag_of_Cyprus.svg\/23px-Flag_of_Cyprus.svg.png",
		"ddi": 357,
		"continente": "Europa"
	},
	"45": {
		"pais": "Col\u00f4mbia",
		"img": "https:\/\/\/\/upload.wikimedia.org\/wikipedia\/commons\/thumb\/2\/21\/Flag_of_Colombia.svg\/23px-Flag_of_Colombia.svg.png",
		"ddi": 57,
		"continente": "Am\u00e9rica do Sul"
	},
	"46": {
		"pais": "Comores",
		"img": "https:\/\/\/\/upload.wikimedia.org\/wikipedia\/commons\/thumb\/9\/94\/Flag_of_the_Comoros.svg\/23px-Flag_of_the_Comoros.svg.png",
		"ddi": 269,
		"continente": "\u00c1frica"
	},
	"47": {
		"pais": "CongoBrazzaville",
		"img": "https:\/\/\/\/upload.wikimedia.org\/wikipedia\/commons\/thumb\/9\/92\/Flag_of_the_Republic_of_the_Congo.svg\/23px-Flag_of_the_Republic_of_the_Congo.svg.png",
		"ddi": 242,
		"continente": "\u00c1frica"
	},
	"48": {
		"pais": "CongoKinshasa",
		"img": "https:\/\/\/\/upload.wikimedia.org\/wikipedia\/commons\/thumb\/6\/6f\/Flag_of_the_Democratic_Republic_of_the_Congo.svg\/20px-Flag_of_the_Democratic_Republic_of_the_Congo.svg.png",
		"ddi": 243,
		"continente": "\u00c1frica"
	},
	"49": {
		"pais": "Coreia do Norte",
		"img": "https:\/\/\/\/upload.wikimedia.org\/wikipedia\/commons\/thumb\/5\/51\/Flag_of_North_Korea.svg\/23px-Flag_of_North_Korea.svg.png",
		"ddi": 850,
		"continente": "\u00c1sia"
	},
	"50": {
		"pais": "Coreia do Sul",
		"img": "https:\/\/\/\/upload.wikimedia.org\/wikipedia\/commons\/thumb\/0\/09\/Flag_of_South_Korea.svg\/23px-Flag_of_South_Korea.svg.png",
		"ddi": 82,
		"continente": "\u00c1sia"
	},
	"51": {
		"pais": "Costa do Marfim",
		"img": "https:\/\/\/\/upload.wikimedia.org\/wikipedia\/commons\/thumb\/f\/fe\/Flag_of_C%C3%B4te_d%27Ivoire.svg\/23px-Flag_of_C%C3%B4te_d%27Ivoire.svg.png",
		"ddi": 225,
		"continente": "\u00c1frica"
	},
	"52": {
		"pais": "Costa Rica",
		"img": "https:\/\/\/\/upload.wikimedia.org\/wikipedia\/commons\/thumb\/f\/f2\/Flag_of_Costa_Rica.svg\/23px-Flag_of_Costa_Rica.svg.png",
		"ddi": 506,
		"continente": "Am\u00e9rica Central"
	},
	"53": {
		"pais": "Cro\u00e1cia",
		"img": "https:\/\/\/\/upload.wikimedia.org\/wikipedia\/commons\/thumb\/1\/1b\/Flag_of_Croatia.svg\/23px-Flag_of_Croatia.svg.png",
		"ddi": 385,
		"continente": "Europa"
	},
	"54": {
		"pais": "Cuba",
		"img": "https:\/\/\/\/upload.wikimedia.org\/wikipedia\/commons\/thumb\/b\/bd\/Flag_of_Cuba.svg\/23px-Flag_of_Cuba.svg.png",
		"ddi": 53,
		"continente": "Am\u00e9rica Central"
	},
	"55": {
		"pais": "Dinamarca",
		"img": "https:\/\/\/\/upload.wikimedia.org\/wikipedia\/commons\/thumb\/9\/9c\/Flag_of_Denmark.svg\/20px-Flag_of_Denmark.svg.png",
		"ddi": 45,
		"continente": "Europa"
	},
	"56": {
		"pais": "Djibuti",
		"img": "https:\/\/\/\/upload.wikimedia.org\/wikipedia\/commons\/thumb\/3\/34\/Flag_of_Djibouti.svg\/23px-Flag_of_Djibouti.svg.png",
		"ddi": 253,
		"continente": "\u00c1frica"
	},
	"57": {
		"pais": "Dominica",
		"img": "https:\/\/\/\/upload.wikimedia.org\/wikipedia\/commons\/thumb\/c\/c4\/Flag_of_Dominica.svg\/23px-Flag_of_Dominica.svg.png",
		"ddi": 1,
		"continente": "Am\u00e9rica Central"
	},
	"58": {
		"pais": "Egipto",
		"img": "https:\/\/\/\/upload.wikimedia.org\/wikipedia\/commons\/thumb\/f\/fe\/Flag_of_Egypt.svg\/23px-Flag_of_Egypt.svg.png",
		"ddi": 20,
		"continente": "\u00c1frica\/\u00c1sia"
	},
	"59": {
		"pais": "El Salvador",
		"img": "https:\/\/\/\/upload.wikimedia.org\/wikipedia\/commons\/thumb\/3\/34\/Flag_of_El_Salvador.svg\/23px-Flag_of_El_Salvador.svg.png",
		"ddi": 503,
		"continente": "Am\u00e9rica Central"
	},
	"60": {
		"pais": "Emirados \u00c1rabes Unidos",
		"img": "https:\/\/\/\/upload.wikimedia.org\/wikipedia\/commons\/thumb\/c\/cb\/Flag_of_the_United_Arab_Emirates.svg\/23px-Flag_of_the_United_Arab_Emirates.svg.png",
		"ddi": 971,
		"continente": "\u00c1sia"
	},
	"61": {
		"pais": "Equador",
		"img": "https:\/\/\/\/upload.wikimedia.org\/wikipedia\/commons\/thumb\/e\/e8\/Flag_of_Ecuador.svg\/23px-Flag_of_Ecuador.svg.png",
		"ddi": 593,
		"continente": "Am\u00e9rica do Sul"
	},
	"62": {
		"pais": "Eritreia",
		"img": "https:\/\/\/\/upload.wikimedia.org\/wikipedia\/commons\/thumb\/2\/29\/Flag_of_Eritrea.svg\/23px-Flag_of_Eritrea.svg.png",
		"ddi": 291,
		"continente": "\u00c1frica"
	},
	"63": {
		"pais": "Eslov\u00e1quia",
		"img": "https:\/\/\/\/upload.wikimedia.org\/wikipedia\/commons\/thumb\/e\/e6\/Flag_of_Slovakia.svg\/23px-Flag_of_Slovakia.svg.png",
		"ddi": 421,
		"continente": "Europa"
	},
	"64": {
		"pais": "Eslov\u00e9nia",
		"img": "https:\/\/\/\/upload.wikimedia.org\/wikipedia\/commons\/thumb\/f\/f0\/Flag_of_Slovenia.svg\/23px-Flag_of_Slovenia.svg.png",
		"ddi": 386,
		"continente": "Europa"
	},
	"65": {
		"pais": "Espanha",
		"img": "https:\/\/\/\/upload.wikimedia.org\/wikipedia\/commons\/thumb\/9\/9a\/Flag_of_Spain.svg\/23px-Flag_of_Spain.svg.png",
		"ddi": 34,
		"continente": "Europa"
	},
	"66": {
		"pais": "Estados Unidos",
		"img": "https:\/\/\/\/upload.wikimedia.org\/wikipedia\/commons\/thumb\/a\/a4\/Flag_of_the_United_States.svg\/23px-Flag_of_the_United_States.svg.png",
		"ddi": 1,
		"continente": "Am\u00e9rica do Norte"
	},
	"67": {
		"pais": "Est\u00f3nia",
		"img": "https:\/\/\/\/upload.wikimedia.org\/wikipedia\/commons\/thumb\/8\/8f\/Flag_of_Estonia.svg\/23px-Flag_of_Estonia.svg.png",
		"ddi": 372,
		"continente": "Europa"
	},
	"68": {
		"pais": "Eti\u00f3pia",
		"img": "https:\/\/\/\/upload.wikimedia.org\/wikipedia\/commons\/thumb\/7\/71\/Flag_of_Ethiopia.svg\/23px-Flag_of_Ethiopia.svg.png",
		"ddi": 251,
		"continente": "\u00c1frica"
	},
	"69": {
		"pais": "Fiji",
		"img": "https:\/\/\/\/upload.wikimedia.org\/wikipedia\/commons\/thumb\/b\/ba\/Flag_of_Fiji.svg\/23px-Flag_of_Fiji.svg.png",
		"ddi": 679,
		"continente": "Oceania"
	},
	"70": {
		"pais": "Filipinas",
		"img": "https:\/\/\/\/upload.wikimedia.org\/wikipedia\/commons\/thumb\/9\/99\/Flag_of_the_Philippines.svg\/23px-Flag_of_the_Philippines.svg.png",
		"ddi": 63,
		"continente": "\u00c1sia"
	},
	"71": {
		"pais": "Finl\u00e2ndia",
		"img": "https:\/\/\/\/upload.wikimedia.org\/wikipedia\/commons\/thumb\/b\/bc\/Flag_of_Finland.svg\/23px-Flag_of_Finland.svg.png",
		"ddi": 358,
		"continente": "Europa"
	},
	"72": {
		"pais": "Fran\u00e7a",
		"img": "https:\/\/\/\/upload.wikimedia.org\/wikipedia\/commons\/thumb\/c\/c3\/Flag_of_France.svg\/23px-Flag_of_France.svg.png",
		"ddi": 33,
		"continente": "Europa"
	},
	"73": {
		"pais": "Gab\u00e3o",
		"img": "https:\/\/\/\/upload.wikimedia.org\/wikipedia\/commons\/thumb\/0\/04\/Flag_of_Gabon.svg\/20px-Flag_of_Gabon.svg.png",
		"ddi": 241,
		"continente": "\u00c1frica"
	},
	"74": {
		"pais": "G\u00e2mbia",
		"img": "https:\/\/\/\/upload.wikimedia.org\/wikipedia\/commons\/thumb\/7\/77\/Flag_of_The_Gambia.svg\/23px-Flag_of_The_Gambia.svg.png",
		"ddi": 220,
		"continente": "\u00c1frica"
	},
	"75": {
		"pais": "Gana",
		"img": "https:\/\/\/\/upload.wikimedia.org\/wikipedia\/commons\/thumb\/1\/19\/Flag_of_Ghana.svg\/23px-Flag_of_Ghana.svg.png",
		"ddi": 233,
		"continente": "\u00c1frica"
	},
	"76": {
		"pais": "Ge\u00f3rgia",
		"img": "https:\/\/\/\/upload.wikimedia.org\/wikipedia\/commons\/thumb\/0\/0f\/Flag_of_Georgia.svg\/23px-Flag_of_Georgia.svg.png",
		"ddi": 995,
		"continente": "\u00c1sia"
	},
	"77": {
		"pais": "Gibraltar",
		"img": "https:\/\/\/\/upload.wikimedia.org\/wikipedia\/commons\/thumb\/0\/02\/Flag_of_Gibraltar.svg\/23px-Flag_of_Gibraltar.svg.png",
		"ddi": 350,
		"continente": "Europa"
	},
	"78": {
		"pais": "Granada",
		"img": "https:\/\/\/\/upload.wikimedia.org\/wikipedia\/commons\/thumb\/b\/bc\/Flag_of_Grenada.svg\/23px-Flag_of_Grenada.svg.png",
		"ddi": 1,
		"continente": "Am\u00e9rica Central"
	},
	"79": {
		"pais": "Gr\u00e9cia",
		"img": "https:\/\/\/\/upload.wikimedia.org\/wikipedia\/commons\/thumb\/5\/5c\/Flag_of_Greece.svg\/23px-Flag_of_Greece.svg.png",
		"ddi": 30,
		"continente": "Europa"
	},
	"80": {
		"pais": "Groenl\u00e2ndia",
		"img": "https:\/\/\/\/upload.wikimedia.org\/wikipedia\/commons\/thumb\/0\/09\/Flag_of_Greenland.svg\/23px-Flag_of_Greenland.svg.png",
		"ddi": 299,
		"continente": "Am\u00e9rica do Norte"
	},
	"81": {
		"pais": "Guadalupe",
		"img": "https:\/\/\/\/upload.wikimedia.org\/wikipedia\/commons\/thumb\/c\/c3\/Flag_of_France.svg\/23px-Flag_of_France.svg.png",
		"ddi": 590,
		"continente": "Am\u00e9rica Central"
	},
	"82": {
		"pais": "Guam",
		"img": "https:\/\/\/\/upload.wikimedia.org\/wikipedia\/commons\/thumb\/0\/07\/Flag_of_Guam.svg\/23px-Flag_of_Guam.svg.png",
		"ddi": 1,
		"continente": "Oceania"
	},
	"83": {
		"pais": "Guatemala",
		"img": "https:\/\/\/\/upload.wikimedia.org\/wikipedia\/commons\/thumb\/e\/ec\/Flag_of_Guatemala.svg\/23px-Flag_of_Guatemala.svg.png",
		"ddi": 502,
		"continente": "Am\u00e9rica Central"
	},
	"84": {
		"pais": "Guiana",
		"img": "https:\/\/\/\/upload.wikimedia.org\/wikipedia\/commons\/thumb\/9\/99\/Flag_of_Guyana.svg\/23px-Flag_of_Guyana.svg.png",
		"ddi": 592,
		"continente": "Am\u00e9rica do Sul"
	},
	"85": {
		"pais": "Guiana Francesa",
		"img": "https:\/\/\/\/upload.wikimedia.org\/wikipedia\/commons\/thumb\/2\/29\/Flag_of_French_Guiana.svg\/23px-Flag_of_French_Guiana.svg.png",
		"ddi": 594,
		"continente": "Am\u00e9rica do Sul"
	},
	"86": {
		"pais": "Guin\u00e9",
		"img": "https:\/\/\/\/upload.wikimedia.org\/wikipedia\/commons\/thumb\/e\/ed\/Flag_of_Guinea.svg\/23px-Flag_of_Guinea.svg.png",
		"ddi": 224,
		"continente": "\u00c1frica"
	},
	"87": {
		"pais": "Guin\u00e9Bissau",
		"img": "https:\/\/\/\/upload.wikimedia.org\/wikipedia\/commons\/thumb\/0\/01\/Flag_of_Guinea-Bissau.svg\/23px-Flag_of_Guinea-Bissau.svg.png",
		"ddi": 245,
		"continente": "\u00c1frica"
	},
	"88": {
		"pais": "Guin\u00e9 Equatorial",
		"img": "https:\/\/\/\/upload.wikimedia.org\/wikipedia\/commons\/thumb\/3\/31\/Flag_of_Equatorial_Guinea.svg\/23px-Flag_of_Equatorial_Guinea.svg.png",
		"ddi": 240,
		"continente": "\u00c1frica"
	},
	"89": {
		"pais": "Haiti",
		"img": "https:\/\/\/\/upload.wikimedia.org\/wikipedia\/commons\/thumb\/5\/56\/Flag_of_Haiti.svg\/23px-Flag_of_Haiti.svg.png",
		"ddi": 509,
		"continente": "Am\u00e9rica Central"
	},
	"90": {
		"pais": "Honduras",
		"img": "https:\/\/\/\/upload.wikimedia.org\/wikipedia\/commons\/thumb\/7\/79\/Flag_of_Honduras_%282008_Olympics%29.svg\/23px-Flag_of_Honduras_%282008_Olympics%29.svg.png",
		"ddi": 504,
		"continente": "Am\u00e9rica Central"
	},
	"91": {
		"pais": "Hong Kong",
		"img": "https:\/\/\/\/upload.wikimedia.org\/wikipedia\/commons\/thumb\/5\/5b\/Flag_of_Hong_Kong.svg\/23px-Flag_of_Hong_Kong.svg.png",
		"ddi": 852,
		"continente": "\u00c1sia"
	},
	"92": {
		"pais": "Hungria",
		"img": "https:\/\/\/\/upload.wikimedia.org\/wikipedia\/commons\/thumb\/c\/c1\/Flag_of_Hungary.svg\/23px-Flag_of_Hungary.svg.png",
		"ddi": 36,
		"continente": "Europa"
	},
	"93": {
		"pais": "I\u00eamen",
		"img": "https:\/\/\/\/upload.wikimedia.org\/wikipedia\/commons\/thumb\/8\/89\/Flag_of_Yemen.svg\/23px-Flag_of_Yemen.svg.png",
		"ddi": 967,
		"continente": "\u00c1sia"
	},
	"94": {
		"pais": "Ilhas Cayman",
		"img": "https:\/\/\/\/upload.wikimedia.org\/wikipedia\/commons\/thumb\/0\/0f\/Flag_of_the_Cayman_Islands.svg\/23px-Flag_of_the_Cayman_Islands.svg.png",
		"ddi": 1,
		"continente": "Am\u00e9rica Central"
	},
	"95": {
		"pais": "Ilha Christmas",
		"img": "https:\/\/\/\/upload.wikimedia.org\/wikipedia\/commons\/thumb\/6\/67\/Flag_of_Christmas_Island.svg\/23px-Flag_of_Christmas_Island.svg.png",
		"ddi": 672,
		"continente": "Oceania"
	},
	"96": {
		"pais": "Ilhas Cocos",
		"img": "https:\/\/\/\/upload.wikimedia.org\/wikipedia\/commons\/thumb\/7\/74\/Flag_of_the_Cocos_%28Keeling%29_Islands.svg\/23px-Flag_of_the_Cocos_%28Keeling%29_Islands.svg.png",
		"ddi": 672,
		"continente": "Oceania"
	},
	"97": {
		"pais": "Ilhas Cook",
		"img": "https:\/\/\/\/upload.wikimedia.org\/wikipedia\/commons\/thumb\/3\/35\/Flag_of_the_Cook_Islands.svg\/23px-Flag_of_the_Cook_Islands.svg.png",
		"ddi": 682,
		"continente": "Oceania"
	},
	"98": {
		"pais": "Ilhas F\u00e9roe",
		"img": "https:\/\/\/\/upload.wikimedia.org\/wikipedia\/commons\/thumb\/3\/3c\/Flag_of_the_Faroe_Islands.svg\/21px-Flag_of_the_Faroe_Islands.svg.png",
		"ddi": 298,
		"continente": "Europa"
	},
	"99": {
		"pais": "Ilha Heard e Ilhas McDonald",
		"img": "https:\/\/\/\/upload.wikimedia.org\/wikipedia\/commons\/thumb\/b\/b9\/Flag_of_Australia.svg\/23px-Flag_of_Australia.svg.png",
		"ddi": 672,
		"continente": "Oceania"
	},
	"100": {
		"pais": "Maldivas",
		"img": "https:\/\/\/\/upload.wikimedia.org\/wikipedia\/commons\/thumb\/0\/0f\/Flag_of_Maldives.svg\/23px-Flag_of_Maldives.svg.png",
		"ddi": 960,
		"continente": "\u00c1sia"
	},
	"101": {
		"pais": "Ilhas Malvinas",
		"img": "https:\/\/\/\/upload.wikimedia.org\/wikipedia\/commons\/thumb\/8\/83\/Flag_of_the_Falkland_Islands.svg\/23px-Flag_of_the_Falkland_Islands.svg.png",
		"ddi": 500,
		"continente": "Am\u00e9rica do Sul"
	},
	"102": {
		"pais": "Ilhas Marianas do Norte",
		"img": "https:\/\/\/\/upload.wikimedia.org\/wikipedia\/commons\/thumb\/e\/e0\/Flag_of_the_Northern_Mariana_Islands.svg\/23px-Flag_of_the_Northern_Mariana_Islands.svg.png",
		"ddi": 1,
		"continente": "Oceania"
	},
	"103": {
		"pais": "Ilhas Marshall",
		"img": "https:\/\/\/\/upload.wikimedia.org\/wikipedia\/commons\/thumb\/2\/2e\/Flag_of_the_Marshall_Islands.svg\/23px-Flag_of_the_Marshall_Islands.svg.png",
		"ddi": 692,
		"continente": "Oceania"
	},
	"104": {
		"pais": "Ilha Norfolk",
		"img": "https:\/\/\/\/upload.wikimedia.org\/wikipedia\/commons\/thumb\/4\/48\/Flag_of_Norfolk_Island.svg\/23px-Flag_of_Norfolk_Island.svg.png",
		"ddi": 672,
		"continente": "Oceania"
	},
	"105": {
		"pais": "Ilhas Salom\u00e3o",
		"img": "https:\/\/\/\/upload.wikimedia.org\/wikipedia\/commons\/thumb\/7\/74\/Flag_of_the_Solomon_Islands.svg\/23px-Flag_of_the_Solomon_Islands.svg.png",
		"ddi": 677,
		"continente": "Oceania"
	},
	"106": {
		"pais": "Ilhas Virgens Americanas",
		"img": "https:\/\/\/\/upload.wikimedia.org\/wikipedia\/commons\/thumb\/f\/f8\/Flag_of_the_United_States_Virgin_Islands.svg\/23px-Flag_of_the_United_States_Virgin_Islands.svg.png",
		"ddi": 1,
		"continente": "Am\u00e9rica Central"
	},
	"107": {
		"pais": "Ilhas Virgens Brit\u00e2nicas",
		"img": "https:\/\/\/\/upload.wikimedia.org\/wikipedia\/commons\/thumb\/4\/42\/Flag_of_the_British_Virgin_Islands.svg\/23px-Flag_of_the_British_Virgin_Islands.svg.png",
		"ddi": 1,
		"continente": "Am\u00e9rica Central"
	},
	"108": {
		"pais": "\u00cdndia",
		"img": "https:\/\/\/\/upload.wikimedia.org\/wikipedia\/commons\/thumb\/4\/41\/Flag_of_India.svg\/23px-Flag_of_India.svg.png",
		"ddi": 91,
		"continente": "\u00c1sia"
	},
	"109": {
		"pais": "Indon\u00e9sia",
		"img": "https:\/\/\/\/upload.wikimedia.org\/wikipedia\/commons\/thumb\/9\/9f\/Flag_of_Indonesia.svg\/23px-Flag_of_Indonesia.svg.png",
		"ddi": 62,
		"continente": "\u00c1sia\/Oceania"
	},
	"110": {
		"pais": "Ir\u00e3",
		"img": "https:\/\/\/\/upload.wikimedia.org\/wikipedia\/commons\/thumb\/c\/ca\/Flag_of_Iran.svg\/23px-Flag_of_Iran.svg.png",
		"ddi": 98,
		"continente": "\u00c1sia"
	},
	"111": {
		"pais": "Iraque",
		"img": "https:\/\/\/\/upload.wikimedia.org\/wikipedia\/commons\/thumb\/f\/f6\/Flag_of_Iraq.svg\/23px-Flag_of_Iraq.svg.png",
		"ddi": 964,
		"continente": "\u00c1sia"
	},
	"112": {
		"pais": "Irlanda",
		"img": "https:\/\/\/\/upload.wikimedia.org\/wikipedia\/commons\/thumb\/4\/45\/Flag_of_Ireland.svg\/23px-Flag_of_Ireland.svg.png",
		"ddi": 353,
		"continente": "Europa"
	},
	"113": {
		"pais": "Isl\u00e2ndia",
		"img": "https:\/\/\/\/upload.wikimedia.org\/wikipedia\/commons\/thumb\/c\/ce\/Flag_of_Iceland.svg\/21px-Flag_of_Iceland.svg.png",
		"ddi": 354,
		"continente": "Europa"
	},
	"114": {
		"pais": "Israel",
		"img": "https:\/\/\/\/upload.wikimedia.org\/wikipedia\/commons\/thumb\/d\/d4\/Flag_of_Israel.svg\/21px-Flag_of_Israel.svg.png",
		"ddi": 972,
		"continente": "\u00c1sia"
	},
	"115": {
		"pais": "It\u00e1lia",
		"img": "https:\/\/\/\/upload.wikimedia.org\/wikipedia\/commons\/thumb\/0\/03\/Flag_of_Italy.svg\/23px-Flag_of_Italy.svg.png",
		"ddi": 39,
		"continente": "Europa"
	},
	"116": {
		"pais": "Jamaica",
		"img": "https:\/\/\/\/upload.wikimedia.org\/wikipedia\/commons\/thumb\/0\/0a\/Flag_of_Jamaica.svg\/23px-Flag_of_Jamaica.svg.png",
		"ddi": 1,
		"continente": "Am\u00e9rica Central"
	},
	"117": {
		"pais": "Jap\u00e3o",
		"img": "https:\/\/\/\/upload.wikimedia.org\/wikipedia\/commons\/thumb\/9\/9e\/Flag_of_Japan.svg\/23px-Flag_of_Japan.svg.png",
		"ddi": 81,
		"continente": "\u00c1sia"
	},
	"118": {
		"pais": "Jord\u00e2nia",
		"img": "https:\/\/\/\/upload.wikimedia.org\/wikipedia\/commons\/thumb\/c\/c0\/Flag_of_Jordan.svg\/23px-Flag_of_Jordan.svg.png",
		"ddi": 962,
		"continente": "\u00c1sia"
	},
	"119": {
		"pais": "Kiribati",
		"img": "https:\/\/\/\/upload.wikimedia.org\/wikipedia\/commons\/thumb\/d\/d3\/Flag_of_Kiribati.svg\/23px-Flag_of_Kiribati.svg.png",
		"ddi": 686,
		"continente": "Oceania"
	},
	"120": {
		"pais": "Kosovo",
		"img": "https:\/\/\/\/upload.wikimedia.org\/wikipedia\/commons\/thumb\/1\/1f\/Flag_of_Kosovo.svg\/21px-Flag_of_Kosovo.svg.png",
		"ddi": 383,
		"continente": "Europa"
	},
	"121": {
		"pais": "Kuwait",
		"img": "https:\/\/\/\/upload.wikimedia.org\/wikipedia\/commons\/thumb\/a\/aa\/Flag_of_Kuwait.svg\/23px-Flag_of_Kuwait.svg.png",
		"ddi": 965,
		"continente": "\u00c1sia"
	},
	"122": {
		"pais": "Laos",
		"img": "https:\/\/\/\/upload.wikimedia.org\/wikipedia\/commons\/thumb\/5\/56\/Flag_of_Laos.svg\/23px-Flag_of_Laos.svg.png",
		"ddi": 856,
		"continente": "\u00c1sia"
	},
	"123": {
		"pais": "Lesoto",
		"img": "https:\/\/\/\/upload.wikimedia.org\/wikipedia\/commons\/thumb\/4\/4a\/Flag_of_Lesotho.svg\/23px-Flag_of_Lesotho.svg.png",
		"ddi": 266,
		"continente": "\u00c1frica"
	},
	"124": {
		"pais": "Let\u00f4nia",
		"img": "https:\/\/\/\/upload.wikimedia.org\/wikipedia\/commons\/thumb\/8\/84\/Flag_of_Latvia.svg\/23px-Flag_of_Latvia.svg.png",
		"ddi": 371,
		"continente": "Europa"
	},
	"125": {
		"pais": "L\u00edbano",
		"img": "https:\/\/\/\/upload.wikimedia.org\/wikipedia\/commons\/thumb\/5\/59\/Flag_of_Lebanon.svg\/23px-Flag_of_Lebanon.svg.png",
		"ddi": 961,
		"continente": "\u00c1sia"
	},
	"126": {
		"pais": "Lib\u00e9ria",
		"img": "https:\/\/\/\/upload.wikimedia.org\/wikipedia\/commons\/thumb\/b\/b8\/Flag_of_Liberia.svg\/23px-Flag_of_Liberia.svg.png",
		"ddi": 231,
		"continente": "\u00c1frica"
	},
	"127": {
		"pais": "L\u00edbia",
		"img": "https:\/\/\/\/upload.wikimedia.org\/wikipedia\/commons\/thumb\/0\/05\/Flag_of_Libya.svg\/23px-Flag_of_Libya.svg.png",
		"ddi": 218,
		"continente": "\u00c1frica"
	},
	"128": {
		"pais": "Liechtenstein",
		"img": "https:\/\/\/\/upload.wikimedia.org\/wikipedia\/commons\/thumb\/4\/47\/Flag_of_Liechtenstein.svg\/23px-Flag_of_Liechtenstein.svg.png",
		"ddi": 423,
		"continente": "Europa"
	},
	"129": {
		"pais": "Litu\u00e2nia",
		"img": "https:\/\/\/\/upload.wikimedia.org\/wikipedia\/commons\/thumb\/1\/11\/Flag_of_Lithuania.svg\/23px-Flag_of_Lithuania.svg.png",
		"ddi": 370,
		"continente": "Europa"
	},
	"130": {
		"pais": "Luxemburgo",
		"img": "https:\/\/\/\/upload.wikimedia.org\/wikipedia\/commons\/thumb\/d\/da\/Flag_of_Luxembourg.svg\/23px-Flag_of_Luxembourg.svg.png",
		"ddi": 352,
		"continente": "Europa"
	},
	"131": {
		"pais": "Macau",
		"img": "https:\/\/\/\/upload.wikimedia.org\/wikipedia\/commons\/thumb\/6\/63\/Flag_of_Macau.svg\/23px-Flag_of_Macau.svg.png",
		"ddi": 853,
		"continente": "\u00c1sia"
	},
	"132": {
		"pais": "Rep\u00fablica da Maced\u00f4nia",
		"img": "https:\/\/\/\/upload.wikimedia.org\/wikipedia\/commons\/thumb\/7\/79\/Flag_of_North_Macedonia.svg\/23px-Flag_of_North_Macedonia.svg.png",
		"ddi": 389,
		"continente": "Europa"
	},
	"133": {
		"pais": "Madagascar",
		"img": "https:\/\/\/\/upload.wikimedia.org\/wikipedia\/commons\/thumb\/b\/bc\/Flag_of_Madagascar.svg\/23px-Flag_of_Madagascar.svg.png",
		"ddi": 261,
		"continente": "\u00c1frica"
	},
	"134": {
		"pais": "Mal\u00e1sia",
		"img": "https:\/\/\/\/upload.wikimedia.org\/wikipedia\/commons\/thumb\/6\/66\/Flag_of_Malaysia.svg\/23px-Flag_of_Malaysia.svg.png",
		"ddi": 60,
		"continente": "\u00c1sia"
	},
	"135": {
		"pais": "Malawi",
		"img": "https:\/\/\/\/upload.wikimedia.org\/wikipedia\/commons\/thumb\/d\/d1\/Flag_of_Malawi.svg\/23px-Flag_of_Malawi.svg.png",
		"ddi": 265,
		"continente": "\u00c1frica"
	},
	"136": {
		"pais": "Mali",
		"img": "https:\/\/\/\/upload.wikimedia.org\/wikipedia\/commons\/thumb\/9\/92\/Flag_of_Mali.svg\/23px-Flag_of_Mali.svg.png",
		"ddi": 223,
		"continente": "\u00c1frica"
	},
	"137": {
		"pais": "Malta",
		"img": "https:\/\/\/\/upload.wikimedia.org\/wikipedia\/commons\/thumb\/7\/73\/Flag_of_Malta.svg\/23px-Flag_of_Malta.svg.png",
		"ddi": 356,
		"continente": "Europa"
	},
	"138": {
		"pais": "Marrocos",
		"img": "https:\/\/\/\/upload.wikimedia.org\/wikipedia\/commons\/thumb\/2\/2c\/Flag_of_Morocco.svg\/23px-Flag_of_Morocco.svg.png",
		"ddi": 212,
		"continente": "\u00c1frica"
	},
	"139": {
		"pais": "Martinica",
		"img": "https:\/\/\/\/upload.wikimedia.org\/wikipedia\/commons\/thumb\/c\/c3\/Flag_of_France.svg\/23px-Flag_of_France.svg.png",
		"ddi": 596,
		"continente": "Am\u00e9rica Central"
	},
	"140": {
		"pais": "Maur\u00edcia",
		"img": "https:\/\/\/\/upload.wikimedia.org\/wikipedia\/commons\/thumb\/7\/77\/Flag_of_Mauritius.svg\/23px-Flag_of_Mauritius.svg.png",
		"ddi": 230,
		"continente": "\u00c1frica"
	},
	"141": {
		"pais": "Maurit\u00e2nia",
		"img": "https:\/\/\/\/upload.wikimedia.org\/wikipedia\/commons\/thumb\/4\/43\/Flag_of_Mauritania.svg\/23px-Flag_of_Mauritania.svg.png",
		"ddi": 222,
		"continente": "\u00c1frica"
	},
	"142": {
		"pais": "Mayotte",
		"img": "https:\/\/\/\/upload.wikimedia.org\/wikipedia\/commons\/thumb\/c\/c3\/Flag_of_France.svg\/23px-Flag_of_France.svg.png",
		"ddi": 269,
		"continente": "\u00c1frica"
	},
	"143": {
		"pais": "M\u00e9xico",
		"img": "https:\/\/\/\/upload.wikimedia.org\/wikipedia\/commons\/thumb\/f\/fc\/Flag_of_Mexico.svg\/23px-Flag_of_Mexico.svg.png",
		"ddi": 52,
		"continente": "Am\u00e9rica do Norte"
	},
	"144": {
		"pais": "Estados Federados da Micron\u00e9sia",
		"img": "https:\/\/\/\/upload.wikimedia.org\/wikipedia\/commons\/thumb\/e\/e4\/Flag_of_the_Federated_States_of_Micronesia.svg\/23px-Flag_of_the_Federated_States_of_Micronesia.svg.png",
		"ddi": 691,
		"continente": "Oceania"
	},
	"145": {
		"pais": "Mo\u00e7ambique",
		"img": "https:\/\/\/\/upload.wikimedia.org\/wikipedia\/commons\/thumb\/d\/d0\/Flag_of_Mozambique.svg\/23px-Flag_of_Mozambique.svg.png",
		"ddi": 258,
		"continente": "\u00c1frica"
	},
	"146": {
		"pais": "Mold\u00e1via",
		"img": "https:\/\/\/\/upload.wikimedia.org\/wikipedia\/commons\/thumb\/2\/27\/Flag_of_Moldova.svg\/23px-Flag_of_Moldova.svg.png",
		"ddi": 373,
		"continente": "Europa"
	},
	"147": {
		"pais": "M\u00f4naco",
		"img": "https:\/\/\/\/upload.wikimedia.org\/wikipedia\/commons\/thumb\/e\/ea\/Flag_of_Monaco.svg\/19px-Flag_of_Monaco.svg.png",
		"ddi": 377,
		"continente": "Europa"
	},
	"148": {
		"pais": "Mong\u00f3lia",
		"img": "https:\/\/\/\/upload.wikimedia.org\/wikipedia\/commons\/thumb\/4\/4c\/Flag_of_Mongolia.svg\/23px-Flag_of_Mongolia.svg.png",
		"ddi": 976,
		"continente": "\u00c1sia"
	},
	"149": {
		"pais": "Montenegro",
		"img": "https:\/\/\/\/upload.wikimedia.org\/wikipedia\/commons\/thumb\/6\/64\/Flag_of_Montenegro.svg\/23px-Flag_of_Montenegro.svg.png",
		"ddi": 382,
		"continente": "Europa"
	},
	"150": {
		"pais": "Montserrat",
		"img": "https:\/\/\/\/upload.wikimedia.org\/wikipedia\/commons\/thumb\/d\/d0\/Flag_of_Montserrat.svg\/23px-Flag_of_Montserrat.svg.png",
		"ddi": 1,
		"continente": "Am\u00e9rica Central"
	},
	"151": {
		"pais": "Myanmar",
		"img": "https:\/\/\/\/upload.wikimedia.org\/wikipedia\/commons\/thumb\/8\/8c\/Flag_of_Myanmar.svg\/23px-Flag_of_Myanmar.svg.png",
		"ddi": 95,
		"continente": "\u00c1sia"
	},
	"152": {
		"pais": "Nam\u00edbia",
		"img": "https:\/\/\/\/upload.wikimedia.org\/wikipedia\/commons\/thumb\/0\/00\/Flag_of_Namibia.svg\/23px-Flag_of_Namibia.svg.png",
		"ddi": 264,
		"continente": "\u00c1frica"
	},
	"153": {
		"pais": "Nauru",
		"img": "https:\/\/\/\/upload.wikimedia.org\/wikipedia\/commons\/thumb\/3\/30\/Flag_of_Nauru.svg\/23px-Flag_of_Nauru.svg.png",
		"ddi": 674,
		"continente": "Oceania"
	},
	"154": {
		"pais": "Nepal",
		"img": "https:\/\/\/\/upload.wikimedia.org\/wikipedia\/commons\/thumb\/9\/9b\/Flag_of_Nepal.svg\/12px-Flag_of_Nepal.svg.png",
		"ddi": 977,
		"continente": "\u00c1sia"
	},
	"155": {
		"pais": "Nicar\u00e1gua",
		"img": "https:\/\/\/\/upload.wikimedia.org\/wikipedia\/commons\/thumb\/1\/19\/Flag_of_Nicaragua.svg\/23px-Flag_of_Nicaragua.svg.png",
		"ddi": 505,
		"continente": "Am\u00e9rica Central"
	},
	"156": {
		"pais": "N\u00edger",
		"img": "https:\/\/\/\/upload.wikimedia.org\/wikipedia\/commons\/thumb\/f\/f4\/Flag_of_Niger.svg\/18px-Flag_of_Niger.svg.png",
		"ddi": 227,
		"continente": "\u00c1frica"
	},
	"157": {
		"pais": "Nig\u00e9ria",
		"img": "https:\/\/\/\/upload.wikimedia.org\/wikipedia\/commons\/thumb\/7\/79\/Flag_of_Nigeria.svg\/23px-Flag_of_Nigeria.svg.png",
		"ddi": 234,
		"continente": "\u00c1frica"
	},
	"158": {
		"pais": "Niue",
		"img": "https:\/\/\/\/upload.wikimedia.org\/wikipedia\/commons\/thumb\/0\/01\/Flag_of_Niue.svg\/23px-Flag_of_Niue.svg.png",
		"ddi": 683,
		"continente": "Oceania"
	},
	"159": {
		"pais": "Noruega",
		"img": "https:\/\/\/\/upload.wikimedia.org\/wikipedia\/commons\/thumb\/d\/d9\/Flag_of_Norway.svg\/21px-Flag_of_Norway.svg.png",
		"ddi": 47,
		"continente": "Europa"
	},
	"160": {
		"pais": "Nova Caled\u00f4nia",
		"img": "https:\/\/\/\/upload.wikimedia.org\/wikipedia\/commons\/thumb\/2\/26\/Flags_of_New_Caledonia.svg\/40px-Flags_of_New_Caledonia.svg.png",
		"ddi": 687,
		"continente": "Oceania"
	},
	"161": {
		"pais": "Nova Zel\u00e2ndia",
		"img": "https:\/\/\/\/upload.wikimedia.org\/wikipedia\/commons\/thumb\/3\/3e\/Flag_of_New_Zealand.svg\/23px-Flag_of_New_Zealand.svg.png",
		"ddi": 64,
		"continente": "Oceania"
	},
	"162": {
		"pais": "Om\u00e3",
		"img": "https:\/\/\/\/upload.wikimedia.org\/wikipedia\/commons\/thumb\/d\/dd\/Flag_of_Oman.svg\/23px-Flag_of_Oman.svg.png",
		"ddi": 968,
		"continente": "\u00c1sia"
	},
	"163": {
		"pais": "Pa\u00edses Baixos",
		"img": "https:\/\/\/\/upload.wikimedia.org\/wikipedia\/commons\/thumb\/2\/20\/Flag_of_the_Netherlands.svg\/23px-Flag_of_the_Netherlands.svg.png",
		"ddi": 31,
		"continente": "Europa"
	},
	"164": {
		"pais": "Palau",
		"img": "https:\/\/\/\/upload.wikimedia.org\/wikipedia\/commons\/thumb\/4\/48\/Flag_of_Palau.svg\/23px-Flag_of_Palau.svg.png",
		"ddi": 680,
		"continente": "Oceania"
	},
	"165": {
		"pais": "Palestina",
		"img": "https:\/\/\/\/upload.wikimedia.org\/wikipedia\/commons\/thumb\/0\/00\/Flag_of_Palestine.svg\/23px-Flag_of_Palestine.svg.png",
		"ddi": 970,
		"continente": "\u00c1sia"
	},
	"166": {
		"pais": "Panam\u00e1",
		"img": "https:\/\/\/\/upload.wikimedia.org\/wikipedia\/commons\/thumb\/a\/ab\/Flag_of_Panama.svg\/23px-Flag_of_Panama.svg.png",
		"ddi": 507,
		"continente": "Am\u00e9rica Central"
	},
	"167": {
		"pais": "PapuaNova Guin\u00e9",
		"img": "https:\/\/\/\/upload.wikimedia.org\/wikipedia\/commons\/thumb\/e\/e3\/Flag_of_Papua_New_Guinea.svg\/20px-Flag_of_Papua_New_Guinea.svg.png",
		"ddi": 675,
		"continente": "Oceania"
	},
	"168": {
		"pais": "Paquist\u00e3o",
		"img": "https:\/\/\/\/upload.wikimedia.org\/wikipedia\/commons\/thumb\/3\/32\/Flag_of_Pakistan.svg\/23px-Flag_of_Pakistan.svg.png",
		"ddi": 92,
		"continente": "\u00c1sia"
	},
	"169": {
		"pais": "Paraguai",
		"img": "https:\/\/\/\/upload.wikimedia.org\/wikipedia\/commons\/thumb\/2\/27\/Flag_of_Paraguay.svg\/23px-Flag_of_Paraguay.svg.png",
		"ddi": 595,
		"continente": "Am\u00e9rica do Sul"
	},
	"170": {
		"pais": "Peru",
		"img": "https:\/\/\/\/upload.wikimedia.org\/wikipedia\/commons\/thumb\/c\/cf\/Flag_of_Peru.svg\/23px-Flag_of_Peru.svg.png",
		"ddi": 51,
		"continente": "Am\u00e9rica do Sul"
	},
	"171": {
		"pais": "Polin\u00e9sia Francesa",
		"img": "https:\/\/\/\/upload.wikimedia.org\/wikipedia\/commons\/thumb\/d\/db\/Flag_of_French_Polynesia.svg\/23px-Flag_of_French_Polynesia.svg.png",
		"ddi": 689,
		"continente": "Oceania"
	},
	"172": {
		"pais": "Pol\u00f4nia",
		"img": "https:\/\/\/\/upload.wikimedia.org\/wikipedia\/commons\/thumb\/1\/12\/Flag_of_Poland.svg\/23px-Flag_of_Poland.svg.png",
		"ddi": 48,
		"continente": "Europa"
	},
	"173": {
		"pais": "Porto Rico",
		"img": "https:\/\/\/\/upload.wikimedia.org\/wikipedia\/commons\/thumb\/2\/28\/Flag_of_Puerto_Rico.svg\/23px-Flag_of_Puerto_Rico.svg.png",
		"ddi": 1,
		"continente": "Am\u00e9rica Central"
	},
	"174": {
		"pais": "Portugal",
		"img": "https:\/\/\/\/upload.wikimedia.org\/wikipedia\/commons\/thumb\/5\/5c\/Flag_of_Portugal.svg\/23px-Flag_of_Portugal.svg.png",
		"ddi": 351,
		"continente": "Europa"
	},
	"175": {
		"pais": "Qatar",
		"img": "https:\/\/\/\/upload.wikimedia.org\/wikipedia\/commons\/thumb\/6\/65\/Flag_of_Qatar.svg\/23px-Flag_of_Qatar.svg.png",
		"ddi": 974,
		"continente": "\u00c1sia"
	},
	"176": {
		"pais": "Qu\u00eania",
		"img": "https:\/\/\/\/upload.wikimedia.org\/wikipedia\/commons\/thumb\/4\/49\/Flag_of_Kenya.svg\/23px-Flag_of_Kenya.svg.png",
		"ddi": 254,
		"continente": "\u00c1frica"
	},
	"177": {
		"pais": "Quirguist\u00e3o",
		"img": "https:\/\/\/\/upload.wikimedia.org\/wikipedia\/commons\/thumb\/c\/c7\/Flag_of_Kyrgyzstan.svg\/23px-Flag_of_Kyrgyzstan.svg.png",
		"ddi": 996,
		"continente": "\u00c1sia"
	},
	"178": {
		"pais": "Reino Unido",
		"img": "https:\/\/\/\/upload.wikimedia.org\/wikipedia\/commons\/thumb\/a\/ae\/Flag_of_the_United_Kingdom.svg\/23px-Flag_of_the_United_Kingdom.svg.png",
		"ddi": 44,
		"continente": "Europa"
	},
	"179": {
		"pais": "Rep\u00fablica CentroAfricana",
		"img": "https:\/\/\/\/upload.wikimedia.org\/wikipedia\/commons\/thumb\/6\/6f\/Flag_of_the_Central_African_Republic.svg\/23px-Flag_of_the_Central_African_Republic.svg.png",
		"ddi": 236,
		"continente": "\u00c1frica"
	},
	"180": {
		"pais": "Rep\u00fablica Dominicana",
		"img": "https:\/\/\/\/upload.wikimedia.org\/wikipedia\/commons\/thumb\/9\/9f\/Flag_of_the_Dominican_Republic.svg\/23px-Flag_of_the_Dominican_Republic.svg.png",
		"ddi": 1,
		"continente": "Am\u00e9rica Central"
	},
	"181": {
		"pais": "Rep\u00fablica Tcheca",
		"img": "https:\/\/\/\/upload.wikimedia.org\/wikipedia\/commons\/thumb\/c\/cb\/Flag_of_the_Czech_Republic.svg\/23px-Flag_of_the_Czech_Republic.svg.png",
		"ddi": 420,
		"continente": "Europa"
	},
	"182": {
		"pais": "Reuni\u00e3o",
		"img": "https:\/\/\/\/upload.wikimedia.org\/wikipedia\/commons\/thumb\/c\/c3\/Flag_of_France.svg\/23px-Flag_of_France.svg.png",
		"ddi": 262,
		"continente": "\u00c1frica"
	},
	"183": {
		"pais": "Rom\u00eania",
		"img": "https:\/\/\/\/upload.wikimedia.org\/wikipedia\/commons\/thumb\/7\/73\/Flag_of_Romania.svg\/23px-Flag_of_Romania.svg.png",
		"ddi": 40,
		"continente": "Europa"
	},
	"184": {
		"pais": "Ruanda",
		"img": "https:\/\/\/\/upload.wikimedia.org\/wikipedia\/commons\/thumb\/1\/17\/Flag_of_Rwanda.svg\/23px-Flag_of_Rwanda.svg.png",
		"ddi": 250,
		"continente": "\u00c1frica"
	},
	"185": {
		"pais": "R\u00fassia",
		"img": "https:\/\/\/\/upload.wikimedia.org\/wikipedia\/commons\/thumb\/f\/f3\/Flag_of_Russia.svg\/23px-Flag_of_Russia.svg.png",
		"ddi": 7,
		"continente": "Europa\/\u00c1sia"
	},
	"186": {
		"pais": "Saara Ocidental",
		"img": "https:\/\/\/\/upload.wikimedia.org\/wikipedia\/commons\/thumb\/2\/26\/Flag_of_the_Sahrawi_Arab_Democratic_Republic.svg\/23px-Flag_of_the_Sahrawi_Arab_Democratic_Republic.svg.png",
		"ddi": 212,
		"continente": "\u00c1frica"
	},
	"187": {
		"pais": "Samoa",
		"img": "https:\/\/\/\/upload.wikimedia.org\/wikipedia\/commons\/thumb\/3\/31\/Flag_of_Samoa.svg\/23px-Flag_of_Samoa.svg.png",
		"ddi": 685,
		"continente": "Oceania"
	},
	"188": {
		"pais": "Samoa Americana",
		"img": "https:\/\/\/\/upload.wikimedia.org\/wikipedia\/commons\/thumb\/8\/87\/Flag_of_American_Samoa.svg\/23px-Flag_of_American_Samoa.svg.png",
		"ddi": 1,
		"continente": "Oceania"
	},
	"189": {
		"pais": "Santa Helena territ\u00f3rio",
		"img": "https:\/\/\/\/upload.wikimedia.org\/wikipedia\/commons\/thumb\/0\/00\/Flag_of_Saint_Helena.svg\/23px-Flag_of_Saint_Helena.svg.png",
		"ddi": 290,
		"continente": "\u00c1frica"
	},
	"190": {
		"pais": "Santa L\u00facia",
		"img": "https:\/\/\/\/upload.wikimedia.org\/wikipedia\/commons\/thumb\/9\/9f\/Flag_of_Saint_Lucia.svg\/23px-Flag_of_Saint_Lucia.svg.png",
		"ddi": 1,
		"continente": "Am\u00e9rica Central"
	},
	"191": {
		"pais": "S\u00e3o Crist\u00f3v\u00e3o e Nevis",
		"img": "https:\/\/\/\/upload.wikimedia.org\/wikipedia\/commons\/thumb\/f\/fe\/Flag_of_Saint_Kitts_and_Nevis.svg\/23px-Flag_of_Saint_Kitts_and_Nevis.svg.png",
		"ddi": 1,
		"continente": "Am\u00e9rica Central"
	},
	"192": {
		"pais": "S\u00e3o Marinho",
		"img": "https:\/\/\/\/upload.wikimedia.org\/wikipedia\/commons\/thumb\/b\/b1\/Flag_of_San_Marino.svg\/20px-Flag_of_San_Marino.svg.png",
		"ddi": 378,
		"continente": "Europa"
	},
	"193": {
		"pais": "SaintPierre e Miquelon",
		"img": "https:\/\/\/\/upload.wikimedia.org\/wikipedia\/commons\/thumb\/c\/c3\/Flag_of_France.svg\/23px-Flag_of_France.svg.png",
		"ddi": 508,
		"continente": "Am\u00e9rica do Norte"
	},
	"194": {
		"pais": "S\u00e3o Tom\u00e9 e Pr\u00edncipe",
		"img": "https:\/\/\/\/upload.wikimedia.org\/wikipedia\/commons\/thumb\/4\/4f\/Flag_of_Sao_Tome_and_Principe.svg\/23px-Flag_of_Sao_Tome_and_Principe.svg.png",
		"ddi": 239,
		"continente": "\u00c1frica"
	},
	"195": {
		"pais": "S\u00e3o Vicente e Granadinas",
		"img": "https:\/\/\/\/upload.wikimedia.org\/wikipedia\/commons\/thumb\/6\/6d\/Flag_of_Saint_Vincent_and_the_Grenadines.svg\/23px-Flag_of_Saint_Vincent_and_the_Grenadines.svg.png",
		"ddi": 1,
		"continente": "Am\u00e9rica Central"
	},
	"196": {
		"pais": "Seicheles",
		"img": "https:\/\/\/\/upload.wikimedia.org\/wikipedia\/commons\/thumb\/f\/fc\/Flag_of_Seychelles.svg\/23px-Flag_of_Seychelles.svg.png",
		"ddi": 248,
		"continente": "\u00c1frica"
	},
	"197": {
		"pais": "Senegal",
		"img": "https:\/\/\/\/upload.wikimedia.org\/wikipedia\/commons\/thumb\/f\/fd\/Flag_of_Senegal.svg\/23px-Flag_of_Senegal.svg.png",
		"ddi": 221,
		"continente": "\u00c1frica"
	},
	"198": {
		"pais": "Serra Leoa",
		"img": "https:\/\/\/\/upload.wikimedia.org\/wikipedia\/commons\/thumb\/1\/17\/Flag_of_Sierra_Leone.svg\/23px-Flag_of_Sierra_Leone.svg.png",
		"ddi": 232,
		"continente": "\u00c1frica"
	},
	"199": {
		"pais": "S\u00e9rvia",
		"img": "https:\/\/\/\/upload.wikimedia.org\/wikipedia\/commons\/thumb\/f\/ff\/Flag_of_Serbia.svg\/23px-Flag_of_Serbia.svg.png",
		"ddi": 381,
		"continente": "Europa"
	},
	"200": {
		"pais": "Singapura",
		"img": "https:\/\/\/\/upload.wikimedia.org\/wikipedia\/commons\/thumb\/4\/48\/Flag_of_Singapore.svg\/23px-Flag_of_Singapore.svg.png",
		"ddi": 65,
		"continente": "\u00c1sia"
	},
	"201": {
		"pais": "S\u00edria",
		"img": "https:\/\/\/\/upload.wikimedia.org\/wikipedia\/commons\/thumb\/5\/53\/Flag_of_Syria.svg\/23px-Flag_of_Syria.svg.png",
		"ddi": 963,
		"continente": "\u00c1sia"
	},
	"202": {
		"pais": "Som\u00e1lia",
		"img": "https:\/\/\/\/upload.wikimedia.org\/wikipedia\/commons\/thumb\/a\/a0\/Flag_of_Somalia.svg\/23px-Flag_of_Somalia.svg.png",
		"ddi": 252,
		"continente": "\u00c1frica"
	},
	"203": {
		"pais": "Sri Lanka",
		"img": "https:\/\/\/\/upload.wikimedia.org\/wikipedia\/commons\/thumb\/1\/11\/Flag_of_Sri_Lanka.svg\/23px-Flag_of_Sri_Lanka.svg.png",
		"ddi": 94,
		"continente": "\u00c1sia"
	},
	"204": {
		"pais": "Suazil\u00e2ndia",
		"img": "https:\/\/\/\/upload.wikimedia.org\/wikipedia\/commons\/thumb\/f\/fb\/Flag_of_Eswatini.svg\/23px-Flag_of_Eswatini.svg.png",
		"ddi": 268,
		"continente": "\u00c1frica"
	},
	"205": {
		"pais": "Sud\u00e3o",
		"img": "https:\/\/\/\/upload.wikimedia.org\/wikipedia\/commons\/thumb\/0\/01\/Flag_of_Sudan.svg\/23px-Flag_of_Sudan.svg.png",
		"ddi": 249,
		"continente": "\u00c1frica"
	},
	"206": {
		"pais": "Sud\u00e3o do Sul",
		"img": "https:\/\/\/\/upload.wikimedia.org\/wikipedia\/commons\/thumb\/7\/7a\/Flag_of_South_Sudan.svg\/23px-Flag_of_South_Sudan.svg.png",
		"ddi": 211,
		"continente": "\u00c1frica"
	},
	"207": {
		"pais": "Su\u00e9cia",
		"img": "https:\/\/\/\/upload.wikimedia.org\/wikipedia\/commons\/thumb\/4\/4c\/Flag_of_Sweden.svg\/23px-Flag_of_Sweden.svg.png",
		"ddi": 46,
		"continente": "Europa"
	},
	"208": {
		"pais": "Su\u00ed\u00e7a",
		"img": "https:\/\/\/\/upload.wikimedia.org\/wikipedia\/commons\/thumb\/f\/f3\/Flag_of_Switzerland.svg\/16px-Flag_of_Switzerland.svg.png",
		"ddi": 41,
		"continente": "Europa"
	},
	"209": {
		"pais": "Suriname",
		"img": "https:\/\/\/\/upload.wikimedia.org\/wikipedia\/commons\/thumb\/6\/60\/Flag_of_Suriname.svg\/23px-Flag_of_Suriname.svg.png",
		"ddi": 597,
		"continente": "Am\u00e9rica do Sul"
	},
	"210": {
		"pais": "Tadjiquist\u00e3o",
		"img": "https:\/\/\/\/upload.wikimedia.org\/wikipedia\/commons\/thumb\/d\/d0\/Flag_of_Tajikistan.svg\/23px-Flag_of_Tajikistan.svg.png",
		"ddi": 992,
		"continente": "\u00c1sia"
	},
	"211": {
		"pais": "Tail\u00e2ndia",
		"img": "https:\/\/\/\/upload.wikimedia.org\/wikipedia\/commons\/thumb\/a\/a9\/Flag_of_Thailand.svg\/23px-Flag_of_Thailand.svg.png",
		"ddi": 66,
		"continente": "\u00c1sia"
	},
	"212": {
		"pais": "Rep\u00fablica da China",
		"img": "https:\/\/\/\/upload.wikimedia.org\/wikipedia\/commons\/thumb\/7\/72\/Flag_of_the_Republic_of_China.svg\/23px-Flag_of_the_Republic_of_China.svg.png",
		"ddi": 886,
		"continente": "\u00c1sia"
	},
	"213": {
		"pais": "Tanz\u00e2nia",
		"img": "https:\/\/\/\/upload.wikimedia.org\/wikipedia\/commons\/thumb\/3\/38\/Flag_of_Tanzania.svg\/23px-Flag_of_Tanzania.svg.png",
		"ddi": 255,
		"continente": "\u00c1frica"
	},
	"214": {
		"pais": "Territ\u00f3rio Brit\u00e2nico do Oceano \u00cdndico",
		"img": "https:\/\/\/\/upload.wikimedia.org\/wikipedia\/commons\/thumb\/6\/65\/Flag_of_the_Commissioner_of_the_British_Indian_Ocean_Territory.svg\/23px-Flag_of_the_Commissioner_of_the_British_Indian_Ocean_Territory.svg.png",
		"ddi": 246,
		"continente": "\u00c1frica"
	},
	"215": {
		"pais": "TimorLeste",
		"img": "https:\/\/\/\/upload.wikimedia.org\/wikipedia\/commons\/thumb\/2\/26\/Flag_of_East_Timor.svg\/23px-Flag_of_East_Timor.svg.png",
		"ddi": 670,
		"continente": "\u00c1sia"
	},
	"216": {
		"pais": "Togo",
		"img": "https:\/\/\/\/upload.wikimedia.org\/wikipedia\/commons\/thumb\/6\/68\/Flag_of_Togo.svg\/23px-Flag_of_Togo.svg.png",
		"ddi": 228,
		"continente": "\u00c1frica"
	},
	"217": {
		"pais": "Tokelau",
		"img": "https:\/\/\/\/upload.wikimedia.org\/wikipedia\/commons\/thumb\/8\/8e\/Flag_of_Tokelau.svg\/23px-Flag_of_Tokelau.svg.png",
		"ddi": 690,
		"continente": "Oceania"
	},
	"218": {
		"pais": "Tonga",
		"img": "https:\/\/\/\/upload.wikimedia.org\/wikipedia\/commons\/thumb\/9\/9a\/Flag_of_Tonga.svg\/23px-Flag_of_Tonga.svg.png",
		"ddi": 676,
		"continente": "Oceania"
	},
	"219": {
		"pais": "Trinidad e Tobago",
		"img": "https:\/\/\/\/upload.wikimedia.org\/wikipedia\/commons\/thumb\/6\/64\/Flag_of_Trinidad_and_Tobago.svg\/23px-Flag_of_Trinidad_and_Tobago.svg.png",
		"ddi": 1,
		"continente": "Am\u00e9rica Central"
	},
	"220": {
		"pais": "Tun\u00edsia",
		"img": "https:\/\/\/\/upload.wikimedia.org\/wikipedia\/commons\/thumb\/c\/ce\/Flag_of_Tunisia.svg\/23px-Flag_of_Tunisia.svg.png",
		"ddi": 216,
		"continente": "\u00c1frica"
	},
	"221": {
		"pais": "Turcas e Caicos",
		"img": "https:\/\/\/\/upload.wikimedia.org\/wikipedia\/commons\/thumb\/a\/a0\/Flag_of_the_Turks_and_Caicos_Islands.svg\/23px-Flag_of_the_Turks_and_Caicos_Islands.svg.png",
		"ddi": 1,
		"continente": "Am\u00e9rica Central"
	},
	"222": {
		"pais": "Turquemenist\u00e3o",
		"img": "https:\/\/\/\/upload.wikimedia.org\/wikipedia\/commons\/thumb\/1\/1b\/Flag_of_Turkmenistan.svg\/23px-Flag_of_Turkmenistan.svg.png",
		"ddi": 993,
		"continente": "\u00c1sia"
	},
	"223": {
		"pais": "Turquia",
		"img": "https:\/\/\/\/upload.wikimedia.org\/wikipedia\/commons\/thumb\/b\/b4\/Flag_of_Turkey.svg\/23px-Flag_of_Turkey.svg.png",
		"ddi": 90,
		"continente": "\u00c1sia\/\/Europa"
	},
	"224": {
		"pais": "Tuvalu",
		"img": "https:\/\/\/\/upload.wikimedia.org\/wikipedia\/commons\/thumb\/3\/38\/Flag_of_Tuvalu.svg\/23px-Flag_of_Tuvalu.svg.png",
		"ddi": 688,
		"continente": "Oceania"
	},
	"225": {
		"pais": "Ucr\u00e2nia",
		"img": "https:\/\/\/\/upload.wikimedia.org\/wikipedia\/commons\/thumb\/4\/49\/Flag_of_Ukraine.svg\/23px-Flag_of_Ukraine.svg.png",
		"ddi": 380,
		"continente": "Europa"
	},
	"226": {
		"pais": "Uganda",
		"img": "https:\/\/\/\/upload.wikimedia.org\/wikipedia\/commons\/thumb\/4\/4e\/Flag_of_Uganda.svg\/23px-Flag_of_Uganda.svg.png",
		"ddi": 256,
		"continente": "\u00c1frica"
	},
	"227": {
		"pais": "Uruguai",
		"img": "https:\/\/\/\/upload.wikimedia.org\/wikipedia\/commons\/thumb\/f\/fe\/Flag_of_Uruguay.svg\/23px-Flag_of_Uruguay.svg.png",
		"ddi": 598,
		"continente": "Am\u00e9rica do Sul"
	},
	"228": {
		"pais": "Uzbequist\u00e3o",
		"img": "https:\/\/\/\/upload.wikimedia.org\/wikipedia\/commons\/thumb\/8\/84\/Flag_of_Uzbekistan.svg\/23px-Flag_of_Uzbekistan.svg.png",
		"ddi": 998,
		"continente": "\u00c1sia"
	},
	"229": {
		"pais": "Vanuatu",
		"img": "https:\/\/\/\/upload.wikimedia.org\/wikipedia\/commons\/thumb\/b\/bc\/Flag_of_Vanuatu.svg\/23px-Flag_of_Vanuatu.svg.png",
		"ddi": 678,
		"continente": "Oceania"
	},
	"230": {
		"pais": "Vaticano",
		"img": "https:\/\/\/\/upload.wikimedia.org\/wikipedia\/commons\/thumb\/0\/00\/Flag_of_the_Vatican_City.svg\/15px-Flag_of_the_Vatican_City.svg.png",
		"ddi": 379,
		"continente": "Europa"
	},
	"231": {
		"pais": "Venezuela",
		"img": "https:\/\/\/\/upload.wikimedia.org\/wikipedia\/commons\/thumb\/0\/06\/Flag_of_Venezuela.svg\/23px-Flag_of_Venezuela.svg.png",
		"ddi": 58,
		"continente": "Am\u00e9rica do Sul"
	},
	"232": {
		"pais": "Vietn\u00e3",
		"img": "https:\/\/\/\/upload.wikimedia.org\/wikipedia\/commons\/thumb\/2\/21\/Flag_of_Vietnam.svg\/23px-Flag_of_Vietnam.svg.png",
		"ddi": 84,
		"continente": "\u00c1sia"
	},
	"233": {
		"pais": "Wallis e Futuna",
		"img": "https:\/\/\/\/upload.wikimedia.org\/wikipedia\/commons\/thumb\/c\/c3\/Flag_of_France.svg\/23px-Flag_of_France.svg.png",
		"ddi": 681,
		"continente": "Oceania"
	},
	"234": {
		"pais": "Z\u00e2mbia",
		"img": "https:\/\/\/\/upload.wikimedia.org\/wikipedia\/commons\/thumb\/0\/06\/Flag_of_Zambia.svg\/23px-Flag_of_Zambia.svg.png",
		"ddi": 260,
		"continente": "\u00c1frica"
	},
	"235": {
		"pais": "Zimb\u00e1bue",
		"img": "https:\/\/\/\/upload.wikimedia.org\/wikipedia\/commons\/thumb\/6\/6a\/Flag_of_Zimbabwe.svg\/23px-Flag_of_Zimbabwe.svg.png",
		"ddi": 263,
		"continente": "\u00c1frica"
	}
}